subject_id,timestamp,gpt_analysis,model_used,tokens_used
OAS1_0180_MR1,2025-08-10T04:14:33.285574,"### Análise Neuroimagem - Sujeito: OAS1_0180_MR1

#### 1. Interpretação Clínica das Métricas

Os volumes hipocampais do sujeito analisado são os seguintes:
- **Hipocampo Esquerdo:** 2957 mm³
- **Hipocampo Direito:** 2874 mm³

Comparando com os valores normativos:
- **Hipocampo Esquerdo:** O volume está dentro da faixa normal, embora na extremidade inferior.
- **Hipocampo Direito:** O volume está abaixo da faixa normal, indicando uma possível atrofia.

Os volumes da amígdala também foram registrados:
- **Amígdala Esquerda:** 1152 mm³
- **Amígdala Direita:** 1284 mm³

Esses valores estão dentro da faixa esperada, mas a análise deve considerar a relação com os volumes hipocampais.

#### 2. Identificação de Padrões Anômalos

A assimetria entre os hemisférios é notável:
- O hipocampo esquerdo apresenta um volume relativamente preservado, enquanto o hipocampo direito está significativamente reduzido. Essa assimetria pode ser indicativa de processos patológicos, como a neurodegeneração, frequentemente observada em quadros de Alzheimer.

Além disso, a diferença de volume entre os hipocampos (83 mm³) sugere uma assimetria que pode ser relevante para a avaliação do risco de comprometimento cognitivo.

#### 3. Risco de Comprometimento Cognitivo

Com base nas métricas observadas, especialmente a atrofia do hipocampo direito, há um risco elevado de comprometimento cognitivo leve (MCI) ou demência tipo Alzheimer. A atrofia hipocampal é um dos biomarcadores mais robustos associados à progressão da doença de Alzheimer. A presença de assimetria acentuada entre os hipocampos pode indicar um início de comprometimento cognitivo.

#### 4. Recomendações Clínicas

Dadas as evidências de atrofia hipocampal, recomenda-se:
- **Avaliação Cognitiva Detalhada:** Realizar testes neuropsicológicos para avaliar a função cognitiva e identificar possíveis déficits.
- **Monitoramento Regular:** Acompanhamento periódico da neuroimagem para observar a progressão da atrofia.
- **Intervenções Precoces:** Considerar intervenções não farmacológicas, como terapia cognitiva e atividades físicas, que podem ajudar a retardar a progressão dos sintomas.
- **Discussão sobre Estilo de Vida:** Incentivar hábitos saudáveis, como dieta balanceada, exercícios regulares e estímulos cognitivos.

#### 5. Comparação com Valores Normativos

Os volumes hipocampais do sujeito estão em desacordo com os valores normativos:
- **Hipocampo Esquerdo:** 2957 mm³ (norma: 3000-4000 mm³)
- **Hipocampo Direito:** 2874 mm³ (norma: 3200-4200 mm³)

A discrepância, especialmente no hipocampo direito, sugere um padrão de atrofia que pode ser indicativo de um processo neurodegenerativo em andamento.

### Conclusão

A análise dos dados de neuroimagem do sujeito OAS1_0180_MR1 revela indícios de atrofia hipocampal, especialmente no hemisfério direito, que pode estar associado a um risco aumentado de comprometimento cognitivo. Recomenda-se uma avaliação clínica abrangente e um acompanhamento regular para monitorar a evolução do quadro.",gpt-4o-mini,1139
OAS1_0370_MR1,2025-08-10T04:14:47.909827,"### Análise de Neuroimagem - Sujeito: OAS1_0370_MR1

#### 1. Interpretação Clínica das Métricas

Os volumes hipocampais do sujeito são os seguintes:
- **Hipocampo Esquerdo:** 3975 mm³
- **Hipocampo Direito:** 4640 mm³

Comparando com os valores normativos:
- **Hipocampo Esquerdo:** O volume está dentro da faixa normal (3000-4000 mm³), mas próximo do limite superior.
- **Hipocampo Direito:** O volume também está dentro da faixa normal (3200-4200 mm³), mas próximo do limite superior.

Os volumes das amígdalas são:
- **Amígdala Esquerda:** 1817 mm³
- **Amígdala Direita:** 1937 mm³

Os volumes das amígdalas não foram fornecidos valores normativos específicos, mas é importante monitorar esses dados em conjunto com a avaliação hipocampal.

#### 2. Identificação de Padrões Anômalos

A análise dos volumes hipocampais sugere que, embora ambos os volumes estejam dentro dos limites normais, a proximidade dos valores superiores pode indicar um início de atrofia, especialmente se considerarmos a idade e a história clínica do paciente. Além disso, a assimetria entre os hemisférios (com o hipocampo direito sendo maior) deve ser monitorada, pois pode ser indicativa de processos patológicos em desenvolvimento.

#### 3. Risco de Comprometimento Cognitivo

Com base nas métricas apresentadas, o sujeito apresenta um risco moderado de comprometimento cognitivo leve (MCI) ou Alzheimer. A proximidade dos volumes hipocampais aos limites superiores normativos, juntamente com a assimetria observada, pode ser um sinal de alerta. É importante considerar outros fatores, como histórico familiar, sintomas clínicos e testes neuropsicológicos adicionais, para uma avaliação mais precisa do risco.

#### 4. Recomendações Clínicas

- **Monitoramento Regular:** Recomenda-se a realização de exames de neuroimagem periódicos para acompanhar a evolução dos volumes hipocampais e amigdalares.
- **Avaliação Cognitiva:** Realizar testes neuropsicológicos para avaliar a função cognitiva do paciente, focando em memória, atenção e funções executivas.
- **Intervenções Preventivas:** Considerar intervenções não farmacológicas, como exercícios cognitivos, atividades físicas e uma dieta saudável, que têm mostrado benefícios na manutenção da saúde cerebral.
- **Consulta com Especialista:** Encaminhar o paciente para um neurologista ou geriatra especializado em demências para uma avaliação mais aprofundada e discussão sobre possíveis intervenções farmacológicas.

#### 5. Comparação com Valores Normativos

Os volumes hipocampais do sujeito estão dentro dos limites normativos, mas a análise de assimetria e a proximidade dos limites superiores sugerem que o paciente deve ser monitorado de perto. A amígdala, embora não tenha valores normativos específicos apresentados, deve ser considerada em conjunto com a análise hipocampal, pois alterações nesta região também podem estar associadas a processos neurodegenerativos.

### Conclusão

A análise dos dados do sujeito OAS1_0370_MR1 indica que, embora os volumes hipocampais estejam dentro da faixa normal, a proximidade aos limites superiores e a assimetria entre os hemisférios requerem atenção clínica. Recomenda-se um acompanhamento contínuo e uma avaliação cognitiva abrangente para determinar a necessidade de intervenções adicionais.",gpt-4o-mini,1137
OAS1_0443_MR1,2025-08-10T04:15:03.331871,"### Análise Neuroimagem - Sujeito: OAS1_0443_MR1

#### 1. Interpretação Clínica das Métricas
Os volumes hipocampais do sujeito são os seguintes:
- **Hippocampus Esquerdo:** 3873 mm³
- **Hippocampus Direito:** 3873 mm³

Os valores normativos para o hipocampo esquerdo variam entre 3000-4000 mm³ e para o direito entre 3200-4200 mm³. Os volumes observados estão dentro da faixa normal para o hipocampo esquerdo, mas o hipocampo direito está na extremidade inferior do intervalo normativo. Isso pode indicar um início de comprometimento, especialmente considerando a relevância do hipocampo na memória e na cognição.

#### 2. Identificação de Padrões Anômalos
A simetria entre os volumes dos hipocampos é um aspecto importante. Neste caso, ambos os hipocampos apresentam volumes iguais, mas o hipocampo direito está mais próximo do limite inferior do intervalo normativo. A assimetria entre os hemisférios não é evidente, mas a proximidade do volume do hipocampo direito ao limite inferior pode ser um indicativo de risco de atrofia ou comprometimento cognitivo.

#### 3. Risco de Comprometimento Cognitivo
Com base nas métricas apresentadas, especialmente o volume do hipocampo direito, há um risco potencial de comprometimento cognitivo leve (MCI) ou Alzheimer. O hipocampo é uma das regiões mais afetadas na doença de Alzheimer, e a redução do volume hipocampal é um dos primeiros sinais de atrofia cerebral associada a essa condição. A presença de volumes normais no hipocampo esquerdo é um ponto positivo, mas a vigilância deve ser mantida.

#### 4. Recomendações Clínicas
- **Monitoramento Regular:** Recomenda-se a realização de avaliações neuropsicológicas periódicas para monitorar a função cognitiva e identificar possíveis alterações precoces.
- **Imagens de Seguimento:** Considerar a repetição da neuroimagem em um intervalo de 6 a 12 meses para avaliar a progressão do volume hipocampal e outras regiões cerebrais.
- **Estilo de Vida Saudável:** Incentivar a adoção de um estilo de vida saudável, incluindo exercícios físicos regulares, dieta balanceada e atividades cognitivas que estimulem a memória e a função cerebral.
- **Avaliação de Outros Fatores de Risco:** Considerar a avaliação de fatores de risco adicionais, como histórico familiar de demência, comorbidades (como hipertensão e diabetes) e saúde mental.

#### 5. Comparação com Valores Normativos
- **Hippocampus Esquerdo:** 3873 mm³ (dentro do intervalo normativo de 3000-4000 mm³).
- **Hippocampus Direito:** 3873 mm³ (na extremidade inferior do intervalo normativo de 3200-4200 mm³).

A comparação com valores normativos sugere que, embora o hipocampo esquerdo esteja em um intervalo saudável, o hipocampo direito pode ser um sinal de alerta. A vigilância e a intervenção precoce são cruciais para a gestão do risco de MCI ou Alzheimer.

### Conclusão
Os dados do sujeito OAS1_0443_MR1 indicam a necessidade de monitoramento e avaliação contínua, com foco especial no hipocampo direito, que apresenta um volume próximo ao limite inferior do normal. A implementação de estratégias preventivas e de acompanhamento pode ser fundamental para a saúde cognitiva a longo prazo.",gpt-4o-mini,1151
OAS1_0197_MR1,2025-08-10T04:15:18.006876,"### Análise Neuroimagem - Sujeito: OAS1_0197_MR1

#### 1. Interpretação clínica das métricas

Os volumes hipocampais do sujeito são os seguintes:
- **Hippocampus Esquerdo:** 3257 mm³
- **Hippocampus Direito:** 3472 mm³

Comparando com os valores normativos:
- **Hippocampus Esquerdo:** O valor de 3257 mm³ está dentro da faixa normal (3000-4000 mm³).
- **Hippocampus Direito:** O valor de 3472 mm³ também se encontra na faixa normal (3200-4200 mm³).

Os volumes das amígdalas são:
- **Amygdala Esquerda:** 953 mm³
- **Amygdala Direita:** 1287 mm³

Embora não tenhamos valores normativos específicos para as amígdalas, os volumes observados podem ser considerados normais em relação à literatura disponível, mas a assimetria deve ser considerada.

#### 2. Identificação de padrões anômalos

A análise dos volumes hipocampais mostra que ambos estão dentro dos limites normais, mas a assimetria entre os hemisférios é notável:
- O hipocampo direito é maior que o esquerdo, o que é uma observação comum, mas a diferença não é acentuada.
- A amígdala direita é significativamente maior que a esquerda (1287 mm³ vs. 953 mm³), o que pode indicar uma assimetria que deve ser investigada mais a fundo.

#### 3. Risco de comprometimento cognitivo

Os volumes hipocampais são indicadores importantes para o risco de comprometimento cognitivo, especialmente em relação à Doença de Alzheimer (DA) e ao Comprometimento Cognitivo Leve (MCI). Embora os volumes estejam dentro dos limites normais, a presença de assimetria e a redução de volume em regiões associadas à memória e emoção (hipocampo e amígdala) pode ser um sinal de alerta.

A avaliação do risco de MCI ou DA deve considerar outros fatores, como histórico familiar, desempenho em testes cognitivos e outros biomarcadores, mas os dados atuais não indicam um comprometimento significativo.

#### 4. Recomendações clínicas

Com base nas métricas analisadas, as seguintes recomendações são sugeridas:
- **Monitoramento Regular:** Recomenda-se um acompanhamento neuropsicológico regular para avaliar mudanças cognitivas ao longo do tempo.
- **Estilo de Vida Saudável:** Incentivar a adoção de um estilo de vida saudável, incluindo exercícios físicos regulares, dieta equilibrada e atividades cognitivas, que podem ajudar a preservar a função cerebral.
- **Avaliação Adicional:** Considerar a realização de testes neuropsicológicos e, se necessário, exames adicionais de neuroimagem para monitorar a evolução dos volumes cerebrais e a presença de outros sinais de atrofia.

#### 5. Comparação com valores normativos

Os volumes hipocampais do sujeito estão dentro dos limites normativos, o que sugere que, em termos de volume, não há evidências de atrofia significativa. No entanto, a assimetria observada nas amígdalas pode ser um ponto de atenção e deve ser acompanhada em avaliações futuras.

### Conclusão

Os dados atuais não indicam comprometimento cognitivo significativo, mas a presença de assimetria e a necessidade de monitoramento contínuo são importantes para garantir a saúde cognitiva do paciente. A abordagem clínica deve ser holística, considerando fatores de risco e intervenções preventivas.",gpt-4o-mini,1142
OAS1_0116_MR1,2025-08-10T04:15:32.050665,"### Análise Neuroimagem - Sujeito: OAS1_0116_MR1

#### 1. Interpretação Clínica das Métricas
Os volumes hipocampais do sujeito são os seguintes:
- **Hipocampo Esquerdo:** 3904 mm³
- **Hipocampo Direito:** 3802 mm³

Comparando com os valores normativos:
- **Hipocampo Esquerdo:** Dentro da faixa normal (3000-4000 mm³).
- **Hipocampo Direito:** Levemente abaixo da faixa normal (3200-4200 mm³).

Os volumes hipocampais são cruciais para a memória e a navegação espacial. Embora o hipocampo esquerdo esteja dentro do intervalo normal, o hipocampo direito apresenta um volume que pode ser considerado limítrofe, o que pode indicar um início de comprometimento.

#### 2. Identificação de Padrões Anômalos
Observando os volumes, notamos que há uma assimetria entre os hemisférios:
- O hipocampo esquerdo está em um nível aceitável, enquanto o hipocampo direito está abaixo do esperado. Essa assimetria pode ser um indicativo de processos patológicos, como a neurodegeneração, que frequentemente se manifesta de forma assimétrica em condições como a Doença de Alzheimer.

#### 3. Risco de Comprometimento Cognitivo
A presença de um volume hipocampal direito abaixo do normal, em conjunto com a assimetria, sugere um risco aumentado de comprometimento cognitivo leve (MCI) ou mesmo de progressão para a Doença de Alzheimer. A atrofia hipocampal é um dos marcadores mais consistentes para a detecção precoce de demência.

#### 4. Recomendações Clínicas
- **Avaliação Cognitiva:** Recomenda-se a realização de uma avaliação neuropsicológica detalhada para verificar a função cognitiva do paciente, com ênfase em memória e habilidades executivas.
- **Monitoramento:** Sugere-se um acompanhamento regular com exames de neuroimagem a cada 6-12 meses para monitorar a progressão do volume hipocampal e outras estruturas cerebrais.
- **Intervenções:** Considerar intervenções não farmacológicas, como terapia cognitiva e atividades físicas, que têm mostrado benefícios na preservação da função cognitiva.
- **Consulta com Especialista:** Encaminhar o paciente para um neurologista ou geriatra especializado em demências para uma avaliação mais abrangente e discussão sobre possíveis intervenções farmacológicas.

#### 5. Comparação com Valores Normativos
- **Hipocampo Esquerdo:** 3904 mm³ (dentro do intervalo normativo).
- **Hipocampo Direito:** 3802 mm³ (abaixo do intervalo normativo).

A comparação com os valores normativos indica que, embora o hipocampo esquerdo esteja preservado, a redução do volume do hipocampo direito é um sinal de alerta que deve ser considerado na avaliação do risco de demência. A assimetria observada pode ser um precursor de alterações cognitivas que merecem atenção.

### Conclusão
Os dados obtidos sugerem que o sujeito OAS1_0116_MR1 apresenta um risco aumentado de comprometimento cognitivo leve, especialmente devido à atrofia do hipocampo direito. A avaliação clínica e o monitoramento contínuo são essenciais para a detecção precoce e a intervenção adequada.",gpt-4o-mini,1105
